movie_id,avg_rating
1580,3.734257654534951
2366,3.673511293634497
1088,3.290909090909091
1959,3.658974358974359
3175,3.7752293577981653
1645,3.413479052823315
496,3.3548387096774195
471,3.678481012658228
3794,3.264367816091954
1238,3.9813953488372094
2866,3.69672131147541
3749,3.5
2659,3.2666666666666666
1721,3.619140625
1084,4.082191780821918
1127,3.6948398576512456
2580,3.827788649706458
858,4.524822695035461
1025,3.6391752577319587
3698,3.202928870292887
1395,3.3085714285714287
897,3.6923076923076925
3179,3.3850574712643677
1507,3.347826086956522
1896,3.107142857142857
3475,3.9642857142857144
2999,4.0
1270,4.025516403402187
1650,3.28125
3213,3.751552795031056
1339,3.31447963800905
3704,3.1781970649895177
2393,3.3339587242026267
1303,4.115384615384615
2572,3.3752620545073375
3000,4.089147286821706
1699,3.5384615384615383
1352,3.0294117647058822
2996,3.3698630136986303
31,3.2
2711,3.25
1903,3.5
1265,3.9683927370544723
2721,3.6666666666666665
1884,3.357843137254902
85,3.4227642276422765
2025,3.274074074074074
3098,3.878612716763006
2443,3.5795454545454546
580,3.2580645161290325
3089,4.345454545454546
451,3.085714285714286
2231,3.6066945606694563
251,3.4
808,3.206896551724138
2488,4.0
3796,3.5555555555555554
2923,3.5
3425,3.196078431372549
1223,4.329931972789115
2622,3.3785714285714286
2096,3.707317073170732
3566,3.3377777777777777
2249,3.229299363057325
2924,3.948453608247423
458,3.2615384615384615
3105,3.7922374429223744
588,3.7799315849486885
2802,3.022346368715084
898,4.283707865168539
481,3.4271844660194173
799,3.323529411764706
2247,3.018957345971564
3028,3.6904761904761907
970,3.2222222222222223
3790,3.189189189189189
2156,4.0
53,4.666666666666667
1466,3.826
296,4.317663817663818
2874,3.5813953488372094
2542,3.880184331797235
3062,4.004587155963303
2238,3.86
2035,3.176470588235294
3306,3.7333333333333334
2396,4.103359173126615
918,3.756521739130435
1016,3.172727272727273
3703,3.6991150442477876
513,3.276595744680851
322,3.7152777777777777
78,3.25
2848,3.75
321,3.765957446808511
3087,3.508771929824561
961,3.2857142857142856
633,3.5
974,3.75
2625,3.066666666666667
362,3.35
2971,3.775
613,3.452830188679245
1533,4.0
2797,3.8491978609625668
593,4.373887240356083
1653,3.7288378766140604
597,3.6777609682299546
2173,3.586206896551724
1199,4.101063829787234
1212,4.482649842271293
3441,3.3053691275167787
976,3.5675675675675675
1417,3.0714285714285716
1743,4.0
375,3.4615384615384617
2294,3.4761904761904763
1331,3.212121212121212
2739,3.887272727272727
3844,3.5583941605839415
155,3.3333333333333335
950,4.247252747252747
3124,3.466666666666667
1561,3.25
108,3.4
1537,4.097345132743363
368,3.545286506469501
1198,4.51640866873065
34,3.90150842945874
2663,3.2758620689655173
1344,3.986666666666667
3152,3.917391304347826
1404,3.25
211,3.5416666666666665
1068,3.608695652173913
1378,3.4197860962566846
1500,3.8538565629228687
2003,3.301775147928994
3198,4.101941747572815
2261,3.358490566037736
1183,3.6040372670807455
101,3.8484848484848486
2342,4.142857142857143
1259,4.094507269789984
2662,3.840659340659341
81,3.1809523809523808
1226,4.052631578947368
2212,3.8051948051948052
3936,3.730769230769231
3538,3.6693548387096775
3008,3.8518518518518516
939,3.3333333333333335
3611,3.076923076923077
385,3.6666666666666665
1201,4.154738878143133
1175,4.013274336283186
2683,3.4036208732694355
3685,3.5338983050847457
1441,3.452768729641694
1031,3.4623115577889445
1892,3.2836363636363637
2313,4.006849315068493
2463,3.4503311258278146
28,4.009345794392523
2079,3.6
2180,3.324324324324324
183,3.3333333333333335
210,3.142857142857143
1496,3.210526315789474
3445,3.0789473684210527
2355,3.8185085354896677
2018,3.7291666666666665
497,3.9877149877149876
1243,3.9468599033816427
1296,4.026315789473684
1621,3.2115384615384617
1274,3.984126984126984
596,3.7746913580246915
1051,3.5294117647058822
2583,3.625
1415,3.32
2905,4.6
2842,3.260869565217391
412,3.540983606557377
1030,3.111111111111111
300,3.7521008403361344
1974,3.0541871921182264
1034,3.6576576576576576
2682,4.0
3706,3.456445993031359
2349,3.6285714285714286
406,3.857142857142857
787,5.0
2962,3.4
3624,3.6463620981387477
1307,4.068725099601593
587,3.523943661971831
3296,3.8059701492537314
1276,4.261460101867572
2094,3.122448979591837
2015,3.52991452991453
3795,3.5555555555555554
2697,3.7586206896551726
2240,3.496598639455782
988,3.4523809523809526
914,4.158024691358024
1372,3.4086021505376345
2871,3.924892703862661
3252,3.752840909090909
3359,4.102990033222591
3264,3.0371517027863777
3435,4.397759103641457
2467,3.844559585492228
3725,3.0985915492957745
1480,3.346368715083799
2678,3.1666666666666665
1871,4.0
1889,3.7586206896551726
3127,3.2142857142857144
501,3.507936507936508
2023,3.3482688391038695
3270,3.2781954887218046
26,3.5873015873015874
1235,4.162790697674419
2857,3.783333333333333
3811,4.102661596958175
2439,3.6875
3211,3.409090909090909
2610,3.774193548387097
3133,3.44
3072,3.729950900163666
1269,4.197278911564626
1927,4.218390804597701
1294,4.135251798561151
1019,3.6789473684210527
2047,3.25
2189,3.7333333333333334
2331,3.1875
2750,3.6448087431693987
831,3.727272727272727
3744,3.2061855670103094
908,4.388513513513513
3528,3.276923076923077
3481,3.891812865497076
916,4.182539682539683
1135,3.2016129032258065
2644,3.891891891891892
1350,3.7171314741035855
2134,3.4380664652567976
3370,3.4130434782608696
1875,3.4583333333333335
2738,3.380952380952381
159,3.3026315789473686
3069,3.8
3783,3.9698795180722892
271,3.302325581395349
811,3.8333333333333335
844,3.6666666666666665
3183,3.56
2804,4.2263736263736265
1210,4.053304904051172
1955,3.8303886925795054
1759,4.0344827586206895
253,3.585526315789474
1148,4.504440497335701
2371,3.6098191214470283
2076,3.809768637532134
1689,3.160919540229885
3727,3.696078431372549
3587,3.25
1280,4.185393258426966
1866,3.1818181818181817
3010,3.8181818181818183
2727,3.5238095238095237
1873,3.8698224852071004
2323,4.038461538461538
3173,3.108958837772397
2496,3.336099585062241
329,3.3796296296296298
236,3.308080808080808
1085,3.7532467532467533
3512,3.685878962536023
3284,3.888888888888889
1398,3.186046511627907
2069,3.8
3456,4.027027027027027
2062,3.215686274509804
103,3.44
1056,3.5483870967741935
2236,3.6363636363636362
1046,4.019230769230769
1093,3.434389140271493
2409,3.1949458483754514
3741,4.053892215568863
350,3.346704871060172
3548,3.9005847953216373
3196,4.211864406779661
3328,3.831223628691983
2939,3.5454545454545454
973,3.8666666666666667
1260,4.278606965174129
2692,4.215172413793104
2006,3.5339506172839505
860,3.5714285714285716
3083,4.110266159695818
223,3.977296181630547
3037,3.96986301369863
2090,3.4012345679012346
2920,4.111111111111111
3076,3.7758620689655173
1769,3.113861386138614
3859,3.878787878787879
3792,3.3870967741935485
3679,4.309523809523809
3171,3.769230769230769
3260,3.7184466019417477
3502,3.566666666666667
1208,4.241333333333333
3519,3.274193548387097
2168,3.0384615384615383
417,3.4453125
3865,3.223076923076923
602,4.0
388,3.6865671641791047
2753,3.5454545454545454
1777,3.471794871794872
926,4.272357723577236
663,3.4973262032085564
2975,3.084507042253521
1077,3.942222222222222
2502,3.8301282051282053
1564,3.92
2022,3.5869565217391304
3711,3.5384615384615383
1659,3.1666666666666665
578,5.0
3071,3.7627906976744185
333,3.543859649122807
1215,3.797427652733119
707,3.052910052910053
2789,3.057142857142857
3450,3.4019933554817277
2726,4.141176470588236
1457,3.181318681318681
3546,3.7083333333333335
2772,3.005714285714286
3814,3.98
1290,3.6097560975609757
1582,3.116279069767442
1925,3.9411764705882355
2237,3.3666666666666667
2227,3.6
3184,3.3333333333333335
3108,3.630434782608696
3654,3.945337620578778
2288,3.7334754797441363
222,3.5095238095238095
1249,3.9829545454545454
1824,3.25
875,3.46875
2031,3.12
3240,3.24
1961,4.084378563283923
2725,3.737704918032787
2407,3.5008025682182984
1125,3.786324786324786
372,3.154121863799283
3200,3.827272727272727
1295,3.651898734177215
22,3.320675105485232
685,3.210526315789474
128,4.375
1291,4.157345971563981
3728,3.9072164948453607
2013,3.48974358974359
230,3.445887445887446
319,3.869281045751634
493,3.5968586387434556
1176,3.813953488372093
2517,3.0242424242424244
924,4.0710382513661205
1633,3.710227272727273
2414,3.3875
2724,3.092233009708738
232,4.076233183856503
233,3.6821192052980134
2774,3.488888888888889
190,3.7761194029850746
225,3.103030303030303
758,4.0
2791,3.96826688364524
861,3.523316062176166
367,3.282920469361147
539,3.75968992248062
246,4.184426229508197
3920,3.6545454545454548
2757,3.781609195402299
1588,3.0427807486631018
3244,3.626794258373206
1061,3.546875
599,4.098265895953757
346,3.5324675324675323
2609,4.0476190476190474
3670,3.4545454545454546
1197,4.300666666666666
2628,3.420977011494253
224,3.404081632653061
1729,3.6762886597938143
2607,4.134615384615385
111,4.1713197969543145
1785,3.41025641025641
3504,4.041002277904328
2181,3.7027027027027026
1942,4.0
3132,3.55
3222,4.086956521739131
2896,3.2777777777777777
3817,3.6363636363636362
3495,3.6666666666666665
1207,4.431472081218274
47,4.112640801001252
2638,3.090909090909091
2064,4.0508474576271185
2612,4.0476190476190474
3567,3.409090909090909
1944,4.066964285714286
1477,3.1052631578947367
1939,4.114285714285714
2284,3.75
3144,3.4375
3140,3.4444444444444446
2398,3.9714285714285715
1244,4.088235294117647
2109,3.844155844155844
1425,3.356521739130435
556,4.209302325581396
3498,4.033519553072626
1300,4.089201877934272
140,3.157303370786517
2037,3.5517241379310347
2998,3.2857142857142856
3293,3.3333333333333335
671,3.707792207792208
1206,4.097378277153558
3104,3.8559670781893005
2829,3.0104166666666665
2582,3.260869565217391
665,3.727272727272727
1114,3.05
3734,3.3846153846153846
2056,3.75
2466,3.4
2312,3.782828282828283
353,3.470464135021097
3155,3.3954545454545455
1586,3.021333333333333
2045,3.3684210526315788
1694,3.729813664596273
3349,3.230769230769231
1542,3.5757575757575757
3379,4.053571428571429
3095,4.079617834394904
2108,3.7322097378277155
1288,4.197478991596639
2647,3.3548387096774195
1306,3.4941176470588236
955,4.15234375
906,4.104
3029,3.2580645161290325
2483,3.1176470588235294
2219,3.5714285714285716
1266,4.113432835820896
581,3.988235294117647
3020,3.4842406876790832
3753,3.7423312883435584
912,4.375600384245917
748,3.176678445229682
3261,3.486988847583643
3121,3.533333333333333
2635,3.0416666666666665
3073,3.272727272727273
935,3.7714285714285714
774,4.0
1247,4.2700258397932815
3421,4.080357142857143
1304,4.205707491082046
2320,3.0381679389312977
2329,4.2309322033898304
3798,3.295698924731183
3927,3.566153846153846
3752,3.058679706601467
3206,3.289473684210526
2760,4.0
3636,3.2
2941,3.601123595505618
2239,3.869565217391304
2781,3.3055555555555554
3819,4.0
3449,3.1666666666666665
1664,4.666666666666667
3025,3.4444444444444446
1,4.138007380073801
896,3.264705882352941
3452,3.097457627118644
2780,3.1777777777777776
1172,4.277472527472527
3282,3.75
3125,3.4693877551020407
206,3.581818181818182
1008,3.3684210526315788
1516,3.6363636363636362
1504,3.4
2775,3.3076923076923075
3030,4.424460431654676
3147,4.144099378881988
1683,3.727272727272727
52,3.6037037037037036
1485,3.516411378555799
2138,3.7944444444444443
1302,3.8968253968253967
2763,3.5937052932761087
2183,3.95
3060,3.8452380952380953
3861,3.140096618357488
363,4.228571428571429
1812,3.2857142857142856
2475,3.271604938271605
3622,3.6666666666666665
3570,3.8333333333333335
3006,4.0
2600,3.2992957746478875
2967,3.691358024691358
1546,3.757575757575758
1047,3.472413793103448
2155,3.3855421686746987
1190,3.4457831325301207
715,3.5714285714285716
1722,3.4113475177304964
2989,3.5515873015873014
2633,3.5742574257425743
3210,3.867145421903052
3474,3.3636363636363638
2363,3.4319526627218937
1922,3.289473684210526
3111,3.7293233082706765
2344,3.408
2575,4.03030303030303
1616,3.012295081967213
3192,4.0
3446,3.3846153846153846
442,3.0534521158129175
1608,3.5552447552447553
3032,3.5277777777777777
2059,3.309941520467836
3197,3.2732919254658386
182,3.225806451612903
3272,3.2660550458715596
1399,3.1857142857142855
2768,3.2222222222222223
792,4.0
2337,3.2142857142857144
2318,3.8878923766816142
348,3.6785714285714284
3786,3.2337662337662336
1682,3.8898809523809526
440,3.8223270440251573
2455,3.4341397849462365
1663,3.8538622129436324
3022,4.323076923076923
13,3.129032258064516
218,3.1982758620689653
280,3.5615384615384613
6,3.8322683706070286
16,3.795698924731183
1089,4.16627358490566
474,3.7981651376146788
2433,3.351758793969849
1367,3.0085836909871246
86,3.3790849673202614
1267,4.338912133891213
2102,3.3969465648854964
2210,3.6857142857142855
3720,3.681159420289855
760,3.3181818181818183
2685,3.5
2281,3.375
2470,3.4140893470790377
852,3.220812182741117
2520,3.128440366972477
1952,4.111111111111111
205,3.576923076923077
3813,3.269230769230769
2911,3.2
1834,3.967164179104478
1380,3.545112781954887
3700,3.560810810810811
1242,4.216142270861833
1218,4.229299363057325
3,3.046831955922865
3549,3.8758620689655174
178,3.357142857142857
1082,3.7934782608695654
2879,3.5130434782608697
998,3.044776119402985
3645,3.4
1749,3.1666666666666665
2481,3.6666666666666665
925,3.25
2852,3.764705882352941
3893,3.513347022587269
1956,3.9880239520958085
1130,3.1875
1627,3.0654761904761907
1934,4.04
328,3.0388349514563107
3659,3.3076923076923075
308,4.0
1997,3.982698961937716
2686,3.948235294117647
2161,3.633405639913232
2391,3.747081712062257
164,3.5525291828793772
1275,3.8459869848156183
3708,3.0126582278481013
3167,3.6526315789473682
3115,3.223684210526316
40,3.95
3925,3.9026548672566372
3415,3.7058823529411766
3314,4.5
2577,3.2222222222222223
3793,3.7914893617021277
1171,3.728476821192053
2193,3.525
500,3.4407407407407407
1353,3.0901639344262297
2729,3.8421052631578947
2351,4.236111111111111
2326,3.1666666666666665
1994,3.6905737704918034
2071,4.0
2681,3.6206896551724137
2519,3.3559322033898304
2880,3.44
2736,3.408759124087591
3539,3.9310344827586206
359,3.3846153846153846
1144,3.923076923076923
1245,4.02991452991453
2712,3.2353896103896105
340,3.2264150943396226
431,3.6956521739130435
3791,3.0753968253968256
3497,3.0338983050847457
1670,3.4693877551020407
3625,3.7142857142857144
2837,3.3333333333333335
2185,3.6923076923076925
1394,4.044324324324324
2560,3.134920634920635
377,3.565913370998117
3863,3.242582897033159
1301,4.0
3120,3.0631578947368423
94,3.746031746031746
2867,3.393939393939394
3067,3.9365079365079363
3529,3.5205479452054793
1273,4.0
3699,3.425373134328358
920,4.0095238095238095
2384,3.347560975609756
3489,3.0089086859688194
3399,3.169491525423729
57,3.3174603174603177
570,3.235294117647059
2885,3.3823529411764706
1026,3.2
647,3.529616724738676
1968,3.8766298896690072
1615,3.6066666666666665
2405,3.1392694063926943
2694,3.1094890510948905
3932,3.737327188940092
2782,3.5942028985507246
3871,3.803703703703704
3613,3.7735849056603774
2666,3.2916666666666665
919,4.251612903225807
292,3.255863539445629
1517,3.7481203007518795
339,3.486997635933806
923,4.415254237288136
3269,3.1835443037974684
1069,3.893939393939394
3506,3.451923076923077
1251,4.105263157894737
3649,3.1411042944785277
2177,3.111111111111111
944,3.921875
306,4.260663507109005
2651,3.2045454545454546
1028,3.9006410256410255
1917,3.167794316644114
3309,3.2142857142857144
969,4.227617602427921
3827,3.398009950248756
2014,3.1262135922330097
2779,3.587378640776699
3730,4.233974358974359
2232,3.567901234567901
3858,3.150943396226415
3810,3.1052631578947367
559,3.5
3534,3.0808823529411766
1191,3.0970149253731343
2640,3.559539052496799
2613,3.0802139037433154
2245,3.4272445820433437
491,3.307142857142857
3726,3.4923076923076923
3049,3.25
2618,3.9583333333333335
3759,3.16
235,3.7218543046357615
1701,3.454022988505747
3034,3.72
846,3.8846153846153846
3473,3.5
3350,3.951219512195122
1951,3.657142857142857
96,4.0
3232,3.75
1029,3.6614583333333335
3702,3.6766381766381766
1032,3.6823529411764704
2447,3.052910052910053
3683,4.241217798594848
1464,3.3402061855670104
1518,3.3739495798319328
3075,3.94
3632,3.75
452,3.35
266,3.421153846153846
650,3.314814814814815
3364,4.0
1835,3.1921397379912664
507,3.5734597156398102
2803,3.2690582959641254
2203,4.165605095541402
1811,3.8
3894,3.0555555555555554
163,3.4688346883468837
3249,3.066371681415929
1711,3.1705426356589146
2985,3.4644194756554305
1407,3.609060402684564
5,3.0384615384615383
268,3.3902439024390243
3135,3.9914529914529915
2128,3.411764705882353
1087,3.230769230769231
1357,3.839673913043478
2268,3.9459084604715673
3552,3.8741379310344826
2437,3.6964285714285716
2252,3.0625
3677,3.6666666666666665
1010,3.270440251572327
959,3.6857142857142855
279,3.696969696969697
3007,4.082872928176796
709,3.0594059405940595
2499,3.6363636363636362
2824,3.8
1232,3.5483870967741935
2197,3.8333333333333335
2105,3.3938906752411575
1748,3.843594009983361
3655,3.75
3816,3.7666666666666666
3150,3.6666666666666665
2630,3.4285714285714284
1642,3.0444444444444443
729,3.6666666666666665
2571,4.325540619520748
3039,3.844106463878327
2761,4.093886462882096
2554,3.217948717948718
3457,3.066666666666667
2085,3.5482954545454546
3635,3.6043165467625897
3138,3.1707317073170733
2652,3.032258064516129
1856,3.08
2844,3.3333333333333335
3947,3.3617021276595747
1192,3.967741935483871
553,3.9124293785310735
2664,3.9974747474747474
3930,3.22488038277512
3676,3.4796747967479673
1541,3.174193548387097
1938,3.9390243902439024
1807,3.5
2994,3.75
2964,3.4444444444444446
780,3.5083179297597042
2836,3.2524271844660193
2176,3.923076923076923
1227,3.8675496688741724
3327,3.491228070175439
1475,3.074074074074074
1486,3.25
1250,4.407936507936508
299,3.715686274509804
1569,3.4219330855018586
3097,4.035714285714286
257,3.151898734177215
1186,3.6075581395348837
2418,3.051282051282051
1225,4.244212962962963
2987,3.6928999144568007
1220,3.914053426248548
1222,4.1145958986731
3056,3.6666666666666665
1299,4.241900647948164
2891,3.3980582524271843
3806,3.34375
117,3.8181818181818183
3181,3.675
1874,3.3157894736842106
2131,3.8947368421052633
2743,3.1333333333333333
1733,3.125
1252,4.322537112010796
1375,3.3286467486818982
764,3.272727272727273
1298,3.6311475409836067
1050,3.9456521739130435
936,4.033333333333333
1255,3.4857142857142858
3281,4.0588235294117645
2627,3.4615384615384617
1002,4.25
598,4.166666666666667
41,3.9461538461538463
904,4.47376311844078
3675,3.875
1321,3.7606837606837606
2150,3.6850961538461537
1189,4.203592814371257
425,3.6301369863013697
3943,3.0365853658536586
3341,4.047169811320755
154,3.8017241379310347
931,3.8260869565217392
309,3.7083333333333335
1846,3.3333333333333335
1035,3.8963414634146343
3256,3.7350689127105667
1529,3.3333333333333335
1688,3.4903846153846154
2801,3.4909090909090907
2569,3.4285714285714284
2810,3.9615384615384617
2847,3.9523809523809526
347,3.3333333333333335
1253,4.152974504249292
1136,4.341954022988506
3638,3.169620253164557
2346,3.3114754098360657
2420,3.489864864864865
3686,3.217391304347826
3320,3.5294117647058822
1827,3.9855072463768115
1861,3.5
3789,4.103092783505154
3112,3.2790697674418605
43,3.5514018691588785
3118,3.6176470588235294
1151,3.772727272727273
3333,3.727272727272727
3527,3.6449704142011834
262,3.9489795918367347
3040,3.3168316831683167
511,3.0555555555555554
2565,3.969298245614035
1946,4.048387096774194
3612,3.6
929,3.727272727272727
1904,3.4583333333333335
2741,3.075
3310,3.675
2834,3.2
1947,4.032755298651252
269,3.6875
3086,3.317073170731707
112,3.436224489795918
2524,3.0440251572327046
3015,3.4698795180722892
1194,3.496
2278,3.4893203883495145
1732,3.7534626038781163
2106,3.2975206611570247
1263,4.061503416856492
2841,3.6006006006006004
3404,3.45
615,4.0
2494,3.888888888888889
563,3.4444444444444446
165,3.543956043956044
1240,4.170605612998523
3074,3.787878787878788
1654,3.074074074074074
2764,3.6666666666666665
2019,4.568364611260054
1132,4.2727272727272725
1330,3.0140845070422535
1901,3.6666666666666665
2734,3.382059800664452
1286,3.5795454545454546
2732,4.135802469135802
3092,4.0
358,3.0987654320987654
3330,3.7796610169491527
854,4.333333333333333
2620,3.8333333333333335
3637,4.076923076923077
590,3.922994652406417
1527,3.6147816349384096
1635,3.8480662983425415
1649,3.786259541984733
3723,3.69811320754717
1073,3.88659793814433
2413,3.267148014440433
2942,3.1232876712328768
207,3.12751677852349
1180,3.6774193548387095
1950,4.162679425837321
1119,3.05
3832,3.5
189,3.8
862,3.6315789473684212
1747,3.463455149501661
383,3.2222222222222223
2336,4.001633986928105
1310,3.411764705882353
1396,3.727140783744557
659,3.8421052631578947
3412,3.343137254901961
3280,5.0
1362,3.878787878787879
37,3.6666666666666665
2067,4.042492917847025
3163,3.602272727272727
461,3.327272727272727
3301,3.354120267260579
316,3.472650771388499
1334,3.2512820512820513
2932,3.9879518072289155
1231,4.087576374745417
937,3.84
1913,3.7663551401869158
3784,3.3361344537815127
523,3.6455696202531644
531,3.8507462686567164
3471,4.034792368125702
3334,4.124087591240876
1966,3.6991150442477876
88,3.0145985401459856
2567,3.1792452830188678
3398,3.523404255319149
903,4.295053003533569
3426,3.2
1949,4.267605633802817
3199,3.4
1725,3.6666666666666665
3410,4.333333333333333
3068,3.8353909465020575
1124,3.7874015748031495
318,4.545827633378933
3476,3.574162679425837
1271,3.812820512820513
2657,3.2822966507177034
1216,3.549019607843137
1248,4.225519287833828
3634,4.233333333333333
3011,3.6470588235294117
2401,3.7864583333333335
2819,4.035897435897436
1858,3.3333333333333335
2060,3.090909090909091
2275,3.4
1696,3.4444444444444446
1641,3.834862385321101
3671,4.0462585034013605
3501,3.44
2826,3.1717171717171717
2968,3.6698564593301435
3420,3.69672131147541
2926,3.318840579710145
107,3.0974025974025974
263,3.9444444444444446
3122,3.3684210526315788
1597,3.3559322033898304
3451,3.8551401869158877
552,3.238095238095238
17,3.990740740740741
2702,3.064748201438849
3298,3.4545454545454546
3066,3.80327868852459
231,3.2745535714285716
2141,3.4094202898550723
1219,4.276674937965261
3952,3.7761627906976742
2403,3.5538461538461537
3141,3.130434782608696
2654,3.808219178082192
1123,3.608695652173913
3047,3.6153846153846154
3902,3.0434782608695654
3562,3.25
1406,3.3157894736842106
3619,3.1607142857142856
2770,3.2614173228346455
586,3.1753986332574033
1967,3.628415300546448
3658,3.7209302325581395
2861,3.0428571428571427
324,3.823529411764706
2305,3.4375
1164,3.75
1351,3.619047619047619
3114,4.218779342723004
1293,4.1222493887530565
2759,3.3412162162162162
538,3.904040404040404
2688,3.080338266384778
2078,3.7939110070257613
2087,3.654911838790932
2598,3.0485714285714285
2972,4.032258064516129
3615,3.148325358851675
3620,3.111111111111111
72,3.5344827586206895
2048,3.5842696629213484
1509,3.6923076923076925
3300,3.2470588235294118
2089,3.174193548387097
1017,3.6373626373626373
2205,3.5454545454545454
1211,4.147058823529412
2211,3.4166666666666665
3408,3.824380165289256
2029,3.5681818181818183
1982,3.7308868501529053
175,3.411392405063291
1057,3.576923076923077
423,3.112676056338028
695,3.1411764705882352
2271,3.3333333333333335
3161,3.7142857142857144
746,4.0625
1865,3.65625
2490,3.477272727272727
3897,4.228070175438597
2718,3.019083969465649
381,3.292307692307692
2206,4.0
1161,3.9482758620689653
3606,3.904255319148936
850,3.619047619047619
594,3.8
3468,4.245487364620939
3499,3.85191637630662
1589,3.397553516819572
2324,4.33764553686934
2080,3.799651567944251
503,3.5
610,3.5470737913486006
2649,3.3333333333333335
2915,3.6277777777777778
35,3.3095238095238093
3571,3.1884057971014492
3545,3.858736059479554
583,3.4444444444444446
3137,3.7
1369,3.75
1379,3.0081967213114753
2947,3.982269503546099
2716,3.927017543859649
1059,3.376996805111821
3099,3.1325301204819276
3740,3.4413965087281797
2875,3.2925531914893615
3681,3.9949748743718594
3201,4.0176211453744495
1932,3.2916666666666665
3854,3.6666666666666665
3139,3.1
1384,3.6666666666666665
2304,3.5
1513,3.008130081300813
838,3.854889589905363
2297,3.1293103448275863
2442,3.8679245283018866
2273,3.5406032482598606
3102,3.6240601503759398
900,3.8009049773755654
568,3.857142857142857
2099,3.5205479452054793
3934,3.0357142857142856
3304,3.6666666666666665
1539,3.125
3588,3.0344827586206895
1814,3.142857142857143
1945,4.272445820433436
1957,3.7857142857142856
2469,3.271875
2135,3.1987951807228914
3129,3.699481865284974
2202,3.9863945578231292
1272,4.287878787878788
456,3.984126984126984
3823,3.622950819672131
1154,3.8
733,3.7207415990730013
800,4.090686274509804
1643,3.8816568047337277
1735,3.2142857142857144
2174,3.5593047034764824
441,3.703791469194313
986,3.507142857142857
3422,3.380952380952381
1657,3.7
2171,3.672268907563025
948,3.7333333333333334
290,3.941747572815534
3647,4.0
1545,4.127659574468085
1096,3.9419642857142856
2081,3.75480059084195
229,3.4923076923076923
3513,3.33033033033033
2983,4.041666666666667
766,3.6266666666666665
307,4.085365853658536
326,4.375
960,3.230769230769231
1727,3.253731343283582
2904,3.8
537,3.171641791044776
1036,4.126617375231054
2872,3.8008565310492504
2111,3.235576923076923
2991,3.548262548262548
1205,3.488372093023256
494,3.309433962264151
3018,3.533333333333333
2929,3.3834586466165413
2495,3.6065573770491803
669,4.235294117647059
2970,3.896551724137931
301,3.193548387096774
114,3.1666666666666665
1669,3.1666666666666665
2046,3.4146341463414633
2581,3.159904534606205
2993,3.6694560669456067
1340,4.080645161290323
3505,3.869565217391304
3926,3.357142857142857
3093,3.6377952755905514
2204,3.8620689655172415
3653,3.7888888888888888
3339,3.739130434782609
2159,3.54014598540146
2424,3.3450184501845017
450,3.2550335570469797
930,4.306620209059234
449,3.62
100,3.0126582278481013
241,3.1176470588235294
717,4.0
495,3.5217391304347827
3739,3.857142857142857
3575,3.3333333333333335
2687,3.5934065934065935
1385,3.240677966101695
1279,3.7413793103448274
161,3.7418738049713194
555,3.925274725274725
1256,4.25
3629,4.2631578947368425
3036,3.177570093457944
3479,3.6774193548387095
1066,4.098214285714286
2937,4.303030303030303
1943,3.242424242424242
3128,3.3947368421052633
1397,3.59375
1022,3.7418478260869565
39,3.6139169472502806
2959,4.055612770339856
1060,3.9416058394160585
1254,4.300341296928328
1015,3.310126582278481
922,4.504885993485342
3157,3.157051282051282
3292,4.333333333333333
1169,3.772727272727273
2440,3.4193548387096775
2579,3.9
2784,3.2903225806451615
1287,4.163716814159292
736,3.1336146272855134
380,3.615550755939525
176,3.893617021276596
520,3.0076335877862594
1614,3.3271375464684017
1754,3.348148148148148
3263,3.186635944700461
1041,4.037151702786378
2665,3.5384615384615383
3756,3.4444444444444446
1111,4.103448275862069
3002,3.838709677419355
1076,4.133333333333334
49,3.5294117647058822
1116,3.3333333333333335
162,4.09726443768997
7,3.4155405405405403
2436,3.452054794520548
2272,3.463768115942029
2935,4.21505376344086
514,3.51271186440678
3154,3.2
549,3.789473684210526
877,3.25
2756,3.210526315789474
2918,4.150105708245243
648,3.429111531190926
2070,3.8705882352941177
2136,3.1555555555555554
1498,3.188888888888889
2912,3.7220338983050847
446,4.0754716981132075
2677,4.043165467625899
1365,3.871794871794872
2357,4.253623188405797
2988,3.5972222222222223
1795,4.5
958,3.6
720,4.478260869565218
1358,4.215123859191656
3169,3.549382716049383
3852,3.6402439024390243
3628,3.4035087719298245
453,3.1463414634146343
84,3.25
2104,3.25
2865,3.066666666666667
1531,3.7142857142857144
3496,3.212121212121212
1000,3.357142857142857
136,3.5714285714285716
728,3.75968992248062
1810,3.5531914893617023
3916,3.9293193717277486
247,3.8676923076923075
2083,3.682634730538922
3543,3.907662082514735
824,3.8666666666666667
691,3.0526315789473686
2097,3.453125
3251,3.3607594936708862
1914,3.7890625
314,3.859375
2940,4.046875
1661,3.125
627,3.5822784810126582
1236,4.1875
3158,3.6363636363636362
3427,3.3333333333333335
1594,3.7612612612612613
1233,4.282131661442007
1374,3.8880434782608697
1845,3.848780487804878
3405,3.9204545454545454
565,3.2051282051282053
1596,3.5789473684210527
649,4.444444444444445
434,3.0748898678414096
1673,3.7667887667887667
3516,3.763358778625954
3397,3.734782608695652
1620,3.275092936802974
1305,3.838235294117647
956,3.56
171,3.5714285714285716
3117,3.2181818181818183
443,3.260869565217391
2333,3.7794871794871794
194,3.7698412698412698
994,4.091503267973856
465,3.3380281690140845
428,3.9604519774011298
277,3.25
2262,3.2135922330097086
957,3.2857142857142856
2921,3.9447236180904524
1963,4.032258064516129
3090,4.097087378640777
331,3.076923076923077
3803,3.25
2187,3.4375
1840,3.3793103448275863
3608,3.416015625
2863,3.9510703363914375
1619,3.41991341991342
532,3.0389105058365757
3052,3.8082437275985663
3763,3.5137614678899083
1297,3.7
2434,3.736842105263158
391,3.2
3038,4.093023255813954
3188,3.864864864864865
3714,3.34375
3218,3.1
2881,3.123046875
2951,4.015243902439025
2077,3.489795918367347
1200,4.133967156439066
1234,4.365891472868217
467,3.1944444444444446
3469,4.267515923566879
928,4.196
448,3.6214285714285714
69,3.676328502415459
129,3.3333333333333335
1910,3.8333333333333335
3718,3.3181818181818183
2068,3.923076923076923
2590,3.09375
3867,3.3333333333333335
1412,3.8461538461538463
2194,3.9698216735253773
1261,3.836842105263158
1020,3.182509505703422
543,3.3448275862068964
1230,4.134292565947242
2394,3.5875
2143,3.2796610169491527
1876,3.163157894736842
3430,3.371212121212121
97,3.48
2585,3.861111111111111
1317,3.096774193548387
2345,3.3
661,3.4680851063829787
2966,4.086330935251799
524,3.632978723404255
1965,3.651750972762646
3357,3.735294117647059
1695,3.6842105263157894
1006,3.16
1356,3.7022274325908557
2020,4.017505470459518
2800,3.4375
1347,3.381625441696113
3361,3.807580174927114
2919,3.905349794238683
1081,3.5180722891566263
1209,3.9908256880733943
869,3.1379310344827585
3537,3.2941176470588234
1581,3.076923076923077
1058,3.3333333333333335
389,3.75
3417,3.723404255319149
1960,3.9575
3598,3.288659793814433
2587,3.0491803278688523
2512,4.0
635,3.5652173913043477
1898,3.5555555555555554
982,3.608695652173913
2728,3.988416988416988
1104,4.163398692810458
3101,3.6713995943204867
3639,3.5977443609022557
3707,3.034188034188034
3126,4.0
509,3.65374677002584
3386,3.7771535580524342
3266,3.7010309278350517
1625,3.905759162303665
3526,3.7367387033398822
3633,3.489130434782609
1094,3.7506361323155217
907,3.806451612903226
3771,3.3488372093023258
1780,4.428571428571429
2129,3.5714285714285716
2839,4.375
589,4.06401766004415
2167,3.55977229601518
1921,3.7417840375586855
1007,3.026666666666667
10,3.5736842105263156
3745,3.430317848410758
361,3.4615384615384617
3787,3.847826086956522
1459,3.313304721030043
1401,3.4174757281553396
848,3.4574468085106385
1755,3.4375
2769,3.161290322580645
1346,3.183673469387755
77,3.72
2641,3.1743772241992882
3375,3.3488372093023258
1354,3.861111111111111
3855,3.5185185185185186
3860,3.1538461538461537
1502,3.111111111111111
2397,3.2
3850,3.25
3168,3.727891156462585
1214,4.160183066361556
50,4.534670008354219
2395,3.8526187576126674
1660,3.590551181102362
750,4.422988505747126
2431,3.1155115511551155
771,3.375
951,4.286821705426356
3467,3.953020134228188
3061,3.8520710059171597
3807,3.217391304347826
1414,3.5714285714285716
527,4.505829015544041
3682,3.7557251908396947
1639,3.794753086419753
1343,3.6621004566210047
2012,3.266225165562914
293,4.1490066225165565
2671,3.698841698841699
3429,4.331491712707182
2290,3.2238805970149254
3776,3.2777777777777777
938,3.73728813559322
1442,3.1272727272727274
1704,4.205202312138728
1715,3.2222222222222223
3618,3.414225941422594
45,3.383522727272727
1333,3.9004739336492893
1611,3.3986013986013988
2788,4.1331058020477816
3724,3.63
1320,3.0134907251264758
216,3.2125984251968505
3182,3.95
952,3.5714285714285716
2553,3.3412698412698414
3640,3.8
3742,3.904109589041096
759,4.176470588235294
1039,4.0
2952,3.684931506849315
1918,3.0765765765765765
261,3.6862745098039214
1405,3.062874251497006
3462,4.2
946,3.881720430107527
3414,3.34375
320,3.4615384615384617
2889,3.411392405063291
1809,4.041666666666667
1447,3.4516129032258065
364,3.869146005509642
2378,3.0114942528735633
249,3.810344827586207
3070,3.371191135734072
2311,3.386986301369863
2901,3.205607476635514
82,3.923076923076923
2251,3.5
1671,3.5
1049,3.297945205479452
288,3.1108786610878663
3044,3.8457142857142856
3760,3.6333333333333333
945,4.159235668789809
3480,3.6470588235294117
3478,3.2699386503067487
3317,3.969359331476323
3215,3.5
1893,3.7857142857142856
167,3.5
394,3.5833333333333335
356,4.129304286718201
3016,3.143859649122807
1916,3.5465587044534415
3551,3.9109311740890687
2540,3.1
289,3.452830188679245
3185,3.3838028169014085
80,3.8
3492,3.25
1923,3.942184154175589
73,3.874125874125874
25,3.619047619047619
1147,4.375
2112,3.570135746606335
2114,3.6540880503144653
3217,3.3392857142857144
2596,3.5869565217391304
2672,3.1544117647058822
2928,3.3658536585365852
1484,3.6455696202531644
3851,3.9411764705882355
3351,3.5
3318,3.45
2578,3.5
245,3.1
2321,3.708229426433915
2858,4.303917348256565
3508,4.098654708520179
3510,3.746153846153846
2033,3.161073825503356
2539,3.3904282115869018
3461,3.6334841628959276
2648,4.0120481927710845
237,3.0308641975308643
1421,3.3333333333333335
113,3.026315789473684
1543,3.2857142857142856
1941,3.701492537313433
1213,4.301645338208409
1419,4.0
2899,3.4675324675324677
645,3.7333333333333334
3531,3.111111111111111
1103,3.9080882352941178
24,3.1435406698564594
3153,3.64375
3365,3.986842105263158
1078,3.8193832599118944
893,3.78
3882,3.2814070351758793
3801,4.223076923076923
2689,3.3076923076923075
3035,4.1020408163265305
1897,3.465909090909091
3259,3.4206642066420665
3755,3.3111979166666665
1479,3.1662198391420913
70,3.1510574018126887
3219,3.2779661016949153
921,3.8947368421052633
3096,3.9183673469387754
2846,3.392857142857143
1454,3.1923076923076925
408,3.3207547169811322
1907,3.6775244299674266
3678,3.7586206896551726
3514,3.1153846153846154
1912,3.771103896103896
3267,3.6769230769230767
3265,4.091346153846154
3751,3.8973821989528794
62,3.6923076923076925
2529,3.7483702737940026
1799,3.4097222222222223
125,3.9086294416243654
3204,3.7063492063492065
3091,4.185185185185185
3580,3.1
2551,3.2523364485981308
3906,3.1363636363636362
2075,3.574468085106383
121,3.9545454545454546
480,3.785792349726776
351,3.206451612903226
3591,3.4038461538461537
3576,3.693548387096774
156,3.533333333333333
2812,3.0689655172413794
1610,4.062792877225867
1083,3.5267857142857144
2820,3.46875
1099,3.9761904761904763
3106,3.230769230769231
1687,3.102803738317757
2359,3.870748299319728
1784,3.946830265848671
3868,3.6511254019292605
968,3.689873417721519
2133,3.26628895184136
2009,3.55
2145,3.372685185185185
2669,3.761904761904762
482,3.49618320610687
477,3.476923076923077
3241,3.772727272727273
1423,4.545454545454546
29,4.091269841269841
741,4.084821428571429
2541,3.202469135802469
2948,3.861480075901328
2453,3.256637168141593
2139,3.843621399176955
2860,3.244186046511628
2165,3.436619718309859
390,3.5853658536585367
1570,3.142857142857143
3848,3.1666666666666665
1038,3.142857142857143
2291,3.622765757290687
1221,4.379816513761468
2125,3.742063492063492
3189,3.6315789473684212
3911,4.080935251798561
2749,3.0784313725490198
1289,3.8190476190476192
3845,3.473684210526316
2981,3.4545454545454546
1801,3.046692607003891
21,3.621773288439955
653,3.2029339853300733
1393,3.7765486725663715
3253,3.6421636615811375
1409,3.023529411764706
1587,3.43952802359882
3713,3.814814814814815
3599,3.593220338983051
2708,3.8125
1177,4.011627906976744
214,4.2
2074,3.5294117647058822
2201,3.5
3847,3.2142857142857144
1552,3.2280431432973806
1079,3.9877600979192165
3246,3.8956228956228958
1345,3.5934065934065935
1283,4.200787401574803
2116,3.370503597122302
550,3.008130081300813
2922,3.7666666666666666
2250,3.2
1648,3.4710743801652892
3872,3.8152173913043477
1465,3.4074074074074074
2843,3.8947368421052633
1153,3.25
2943,3.847826086956522
866,3.8292079207920793
3869,3.0749354005167957
2300,4.126190476190477
1179,3.778175313059034
2870,3.5535714285714284
2178,3.6507936507936507
492,3.708133971291866
3477,3.0391061452513966
1337,3.658536585365854
941,3.5441176470588234
352,3.0135135135135136
3547,3.7435897435897436
335,3.5384615384615383
3775,3.1666666666666665
714,3.895238095238095
2100,3.4348422496570645
1257,3.911111111111111
1042,3.489071038251366
1185,3.921232876712329
678,4.287878787878788
3507,4.056
911,4.170984455958549
933,4.094736842105263
1348,4.098039215686274
1450,3.727272727272727
1131,4.379310344827586
1936,3.8979591836734695
3094,3.8
3275,3.7049180327868854
3302,3.40625
2330,4.30188679245283
595,3.9045584045584047
1792,3.0825082508250827
1188,3.9357142857142855
345,3.7220216606498195
3466,3.5211267605633805
2573,3.411764705882353
490,3.2857142857142856
2130,3.769633507853403
2435,3.0634920634920637
2285,3.8055555555555554
3627,3.4177215189873418
3255,3.7025920873124147
2314,3.2580645161290325
2533,3.02258064516129
3307,4.287425149700598
1173,3.3728813559322033
2744,3.6363636363636362
1631,3.59375
3731,3.24
767,3.2222222222222223
3569,3.3333333333333335
3079,3.808988764044944
1203,4.312039312039312
1284,4.319088319088319
3521,3.94392523364486
2132,4.103448275862069
2352,3.8448275862068964
863,3.5
3384,3.8742138364779874
3077,4.338983050847458
1844,3.888888888888889
1150,3.827956989247312
3081,3.515015015015015
32,3.9455852156057496
3525,3.1169354838709675
60,3.1913043478260867
3684,3.3157894736842106
1937,3.5526315789473686
1014,3.4578313253012047
371,3.189655172413793
1931,4.0606060606060606
3738,3.4054054054054053
2927,4.142857142857143
2098,3.1041666666666665
3746,3.9183673469387754
90,3.25
1027,3.141552511415525
1282,3.871517027863777
2195,3.0283018867924527
3896,3.261744966442953
786,3.0784313725490198
1919,3.0821917808219177
3311,3.736842105263158
621,3.6296296296296298
2441,3.25
265,3.918629550321199
457,4.089424572317263
3396,3.883771929824561
3082,3.372767857142857
1237,4.216494845360825
1895,3.2
3788,3.73972602739726
835,3.2203389830508473
2634,3.3392857142857144
608,4.275388291517324
151,3.5643835616438357
899,4.293478260869565
141,3.5382830626450117
2160,3.8373493975903616
3338,4.5625
724,3.0823970037453186
2432,3.185567010309278
341,3.9523809523809526
2594,3.86046511627907
1471,3.4
2061,3.5714285714285716
1909,3.4838709677419355
3565,3.2281553398058254
592,3.649779735682819
1023,3.9291338582677167
943,4.0
953,4.286975717439294
3494,3.7314285714285713
334,3.791044776119403
978,3.828125
2670,4.041958041958042
801,3.130952380952381
3915,3.4311926605504586
1547,3.423076923076923
3532,3.6923076923076925
751,3.3
3143,3.6666666666666665
515,3.906896551724138
272,3.706611570247934
2043,3.3043478260869565
2710,3.003584229390681
2660,3.9518072289156625
3594,3.3
145,3.243801652892562
3614,3.242424242424242
2550,3.4615384615384617
2747,3.319634703196347
376,3.2401746724890828
735,3.5
680,3.3777777777777778
488,3.391304347826087
3487,3.731707317073171
1511,3.5
2503,4.5
1617,4.2093791281373845
2795,3.886426592797784
3247,3.132118451025057
1883,3.418859649122807
940,3.8973214285714284
254,3.12
2510,3.6666666666666665
2283,3.135135135135135
2427,3.3908256880733947
2506,3.2525252525252526
1446,4.075187969924812
3019,3.8862745098039215
534,3.8106508875739644
1686,3.101449275362319
213,3.9743589743589745
1854,3.125
1585,3.1052631578947367
997,3.4444444444444446
1149,3.5
1408,3.8343465045592704
1554,3.550561797752809
2390,3.6941747572815533
1120,3.58
303,3.0073260073260073
1281,3.8403361344537816
3230,3.8979591836734695
718,3.238095238095238
574,3.5806451612903225
3559,3.625
1544,3.016648168701443
1196,4.310165975103734
1953,4.092057761732852
1268,3.4545454545454546
3812,3.5055555555555555
708,3.4153132250580045
1162,3.75
170,3.1607142857142856
354,3.2045454545454546
702,3.473684210526316
783,3.2654545454545456
2908,3.9982046678635546
2527,3.3645320197044337
2990,3.186991869918699
3424,3.922290388548057
2146,3.1019417475728157
2936,4.06140350877193
3342,3.8345323741007196
536,3.1463414634146343
668,4.366666666666666
3544,3.1186440677966103
1758,3.5625
304,3.0476190476190474
913,4.3844936708860756
105,3.2148760330578514
2693,3.9050632911392404
2707,3.419501133786848
2103,3.107142857142857
3203,3.6867088607594938
2430,3.0481927710843375
753,3.12
298,4.066666666666666
2280,3.3908045977011496
2518,3.4627659574468086
2151,3.261904761904762
2916,3.680183626625861
1370,3.542056074766355
1573,3.408704883227176
58,4.095394736842105
3362,3.971014492753623
3145,3.4444444444444446
1880,3.3333333333333335
837,3.437037037037037
3780,3.25
188,3.305084745762712
3747,3.7610619469026547
3672,3.04
2347,3.7666666666666666
3736,3.5
3849,3.857142857142857
2293,3.125
3735,3.9163987138263665
2058,3.5758157389635317
1794,3.31
421,3.2
11,3.794294294294294
1152,3.7
3550,3.340909090909091
3109,3.138888888888889
1024,3.2739726027397262
781,3.2388059701492535
1859,3.689655172413793
1482,3.2
3367,3.32
150,4.074209245742092
110,4.229546792230724
3418,3.6587837837837838
508,3.8845070422535213
3178,3.8668341708542715
1129,3.4838709677419355
541,4.216521739130434
1033,3.453551912568306
1821,3.2071428571428573
1860,3.740740740740741
3903,3.5238095238095237
83,3.6842105263157894
369,3.4473684210526314
3223,3.588235294117647
260,4.466049382716049
1730,3.625
3358,3.7256317689530687
2001,3.499219968798752
3347,4.0
2917,4.018867924528302
2459,3.2302631578947367
2474,3.4893617021276597
3873,3.648
1472,3.2222222222222223
2360,4.273972602739726
68,3.375
106,4.166666666666667
567,3.25
2028,4.345177664974619
2353,3.6378205128205128
3409,3.258575197889182
561,3.625
1241,3.395348837209302
525,3.3125
2931,4.428571428571429
3604,3.7413793103448274
116,3.96
1080,4.030769230769231
910,4.297912713472486
2263,3.0948275862068964
1224,4.256
1797,4.10752688172043
2024,3.35
147,3.4695652173913043
3680,3.933333333333333
14,3.533333333333333
805,3.5486725663716814
317,3.188372093023256
2946,3.771276595744681
3928,3.4307692307692306
1672,3.625592417061611
198,3.2764857881136953
2478,3.1481481481481484
1680,3.7656765676567656
3078,3.622448979591837
1228,4.213483146067416
3808,4.0
2084,3.0923076923076924
2714,3.2153846153846155
638,3.2142857142857144
3187,3.5
349,3.7237237237237237
1693,3.719298245614035
3623,3.1717171717171717
344,3.250501002004008
1285,3.8229376257545273
2303,3.9158415841584158
1658,3.128205128205128
1184,3.683333333333333
1728,3.6875
2388,3.25
3100,3.7649880095923263
454,3.5890688259109313
1678,3.877483443708609
971,4.095238095238095
1753,3.160839160839161
342,3.602373887240356
832,3.4918918918918918
1958,3.617021276595745
3770,3.424107142857143
3360,3.965699208443272
1264,4.041095890410959
965,4.03125
123,3.909090909090909
3643,3.4074074074074074
1018,3.1645569620253164
373,3.8109756097560976
2476,3.2463054187192117
2179,3.1785714285714284
1684,3.6551724137931036
199,3.84
3250,3.433628318584071
2049,3.5172413793103448
1563,3.8
3535,3.2193158953722336
2416,3.190871369294606
2709,3.164473684210526
2065,3.589655172413793
1086,4.120171673819742
242,3.56140350877193
3822,3.8035714285714284
270,3.1481481481481484
2538,3.6
2762,4.4222222222222225
902,3.8907766990291264
2617,3.315868263473054
1788,3.9322033898305087
2890,3.7796610169491527
1095,3.884514435695538
3948,3.6595174262734584
2731,4.3304347826086955
2611,3.8846153846153846
3142,3.419753086419753
522,3.586206896551724
3914,3.1864406779661016
1567,3.142857142857143
1566,3.273615635179153
1954,3.983169705469846
506,3.464788732394366
337,3.8878923766816142
3160,3.8833333333333333
2124,3.1535181236673773
2005,3.5318275154004106
3448,3.7005813953488373
2334,3.091633466135458
909,4.128404669260701
3103,3.1333333333333333
1437,3.1538461538461537
2493,4.2
1312,3.3157894736842106
778,3.9713701431492843
2,3.183628318584071
3447,3.675675675675676
1262,4.354978354978355
3556,3.5739910313901344
3366,3.8544303797468356
2944,4.025821596244131
803,3.7058823529411766
892,3.758241758241758
1572,3.75
2897,3.5294117647058822
1817,3.125
3107,3.462230215827338
3536,3.641399416909621
2302,3.7997032640949553
2166,3.532710280373832
2605,3.1091617933723197
3917,3.054054054054054
2419,3.230769230769231
3274,3.0676156583629894
1935,3.9508196721311477
2624,4.095238095238095
149,3.903225806451613
962,3.4285714285714284
2115,3.693877551020408
999,3.305263157894737
1092,3.537037037037037
365,3.276595744680851
2938,3.4444444444444446
3737,4.038461538461538
2593,3.5652173913043477
3880,3.6
357,3.743073047858942
529,3.997863247863248
2000,3.8736740597878496
2144,3.715203426124197
905,4.242553191489361
1964,3.818713450292398
1187,3.7
3950,3.608695652173913
1612,3.272727272727273
2276,3.72
3732,3.0294117647058822
3186,3.4458333333333333
1449,4.146875
1885,3.6752577319587627
2010,4.064102564102564
2348,3.5706806282722514
1390,3.1125
118,3.1702127659574466
1571,3.9285714285714284
3617,3.2711267605633805
3224,4.238095238095238
1112,3.409090909090909
2925,4.2
3329,3.5714285714285716
573,3.3636363636363638
1508,3.1923076923076925
722,3.8666666666666667
1193,4.390199637023594
2137,3.798076923076923
3174,3.5171821305841924
3503,3.325301204819277
1428,3.1470588235294117
2661,3.4210526315789473
3483,3.036697247706422
571,3.65
281,3.610062893081761
1366,3.1384615384615384
2073,3.5714285714285716
3585,4.0
3951,3.9444444444444446
3289,3.75
124,3.5
2406,3.7124105011933173
2883,3.5795454545454546
3110,3.111111111111111
3733,3.8322981366459627
1879,3.875
2557,3.4
3578,4.09325246398787
2011,3.335113484646195
2243,3.7385892116182573
3005,3.299287410926366
1805,3.4295942720763724
30,3.739130434782609
942,4.225274725274725
3515,3.2142857142857144
99,3.4444444444444446
3372,3.5454545454545454
2869,3.5
1836,3.2625
1090,4.0705289672544085
1371,3.132
2766,3.625
3033,3.3795493934142113
302,3.96
901,3.675675675675676
184,3.8823529411764706
2696,3.738095238095238
2361,3.2268041237113403
3214,3.3225806451612905
1202,3.5348837209302326
3176,3.4897727272727272
915,3.9732142857142856
1012,3.6560846560846563
700,3.377551020408163
3491,3.0625
3371,3.6153846153846154
682,3.3333333333333335
1101,3.6831530139103554
282,3.2540983606557377
802,3.4676258992805757
1376,3.6639455782312926
2325,3.1097560975609757
2949,3.8493150684931505
605,3.3098591549295775
46,3.108108108108108
2341,3.0714285714285716
67,3.5
3021,3.238095238095238
2813,3.5555555555555554
2997,4.092222986923606
3194,3.301470588235294
2248,4.032840722495895
3159,3.8115942028985508
1940,3.9272727272727272
535,3.88659793814433
1870,3.4047619047619047
1535,3.4
1392,3.7054794520547945
2423,3.617391304347826
628,3.8333333333333335
616,3.264705882352941
3554,3.4457831325301207
3134,4.3584905660377355
2621,3.627906976744186
632,4.333333333333333
964,3.413793103448276
681,4.0
3809,3.4276094276094278
215,3.7672413793103448
3524,3.3746031746031746
1674,4.003205128205129
1584,3.7491926803013995
3363,4.027777777777778
2287,3.4971751412429377
2186,4.268852459016394
3605,3.04
1178,4.5
2282,3.456730769230769
1429,3.3201970443349755
562,3.822950819672131
1948,3.912
2969,3.8703703703703702
3555,3.5338235294117646
1054,3.2115384615384617
3055,3.477272727272727
2215,3.5714285714285716
2340,3.244635193133047
2289,3.9842271293375395
551,3.727146814404432
1411,3.946938775510204
3701,3.1736334405144695
1676,3.1943699731903483
2639,3.19811320754717
2976,3.0942857142857143
2676,3.111111111111111
252,3.2708333333333335
3929,3.9705882352941178
2913,3.2666666666666666
2745,3.8986486486486487
1063,3.0555555555555554
3221,3.2857142857142856
2175,3.6666666666666665
1067,3.5384615384615383
1962,3.851219512195122
1278,4.24505928853755
2528,3.463235294117647
1013,3.604790419161677
785,3.487985212569316
144,3.36697247706422
3949,4.126482213438735
851,3.4054054054054053
2295,3.847826086956522
2963,3.5
705,3.75
745,4.472684085510688
2002,3.2110453648915187
1734,3.8175182481751824
2301,3.6026200873362444
3308,3.258241758241758
927,3.8727272727272726
949,3.8951612903225805
3271,3.8068669527896994
2645,3.4655172413793105
3853,3.5
670,4.25
2830,3.4
1174,4.25
1246,3.9833641404805915
2501,4.094488188976378
1719,4.05078125
3148,3.956273764258555
1292,3.9922077922077923
2117,3.7142857142857144
475,3.855
2066,4.153846153846154
947,4.08256880733945
3769,3.3486238532110093
3831,3.727272727272727
18,3.2660550458715596
1929,3.7
1900,4.045454545454546
2626,3.4
2859,4.244604316546763
1361,4.256410256410256
1044,3.24
2425,3.4
1741,3.75
1097,3.967338429464906
1204,4.375457875457876
934,3.625668449197861
1258,4.059593023255814
1713,3.0927152317880795
3729,3.4878048780487805
2570,3.573529411764706
1928,3.263157894736842
2095,3.0704225352112675
755,3.6666666666666665
1117,4.5
104,3.539877300613497
2700,3.7824639289678137
2140,3.669491525423729
180,3.555223880597015
932,3.941666666666667
2118,3.71875
468,3.3031674208144794
1416,3.238888888888889
3870,3.7857142857142856
3416,3.923076923076923
3470,4.4603174603174605
483,3.857142857142857
917,3.731707317073171
2673,3.857142857142857
3368,3.575
2973,4.100694444444445
3088,4.114155251141552
2110,3.2432432432432434
991,3.5478260869565217
2182,3.7096774193548385
1933,3.5
1857,3.2857142857142856
841,3.1333333333333333
788,3.0095693779904304
521,3.383720930232558
2184,3.67
2730,3.5086206896551726
1387,4.111829944547135
2599,3.9207828518173344
1009,3.197802197802198
963,3.72972972972973
2021,3.336693548387097
617,3.6666666666666665
2690,3.668
1217,4.253333333333333
3046,3.46
36,3.9449685534591197
1277,3.875536480686695
2746,3.3127147766323026
954,4.246696035242291
2370,3.44
2454,3.3962264150943398
187,3.140625
2511,3.8461538461538463
3846,3.1702127659574466
2208,4.1735537190082646
3712,3.168141592920354
2057,3.3442622950819674
3444,3.167741935483871
2086,3.4285714285714284
3568,3.15
1656,3.3333333333333335
3402,3.3333333333333335
1476,3.474285714285714
3668,3.8646288209606987
2706,3.6751322751322753
517,3.149193548387097
2376,3.2167487684729066
3053,3.0412371134020617
3836,3.9555555555555557
3406,3.7761194029850746
89,3.0384615384615383
2310,3.6956521739130435
3910,3.796511627906977
2457,3.341317365269461
1413,3.25
3245,4.75
3050,3.230769230769231
422,3.1142857142857143
2776,3.1666666666666665
853,5.0
1787,3.5
3657,3.6666666666666665
3601,4.0
1675,3.2857142857142856
2209,3.8
3353,4.0
3216,3.3333333333333335
2127,3.5
3888,4.0
3905,3.3333333333333335
696,3.25
3283,3.3333333333333335
1770,3.4285714285714284
1444,3.2857142857142856
3419,3.111111111111111
966,4.0
1420,3.25
989,5.0
560,3.8
2984,3.5
3517,4.0
3305,4.0
3277,4.0
3003,3.1666666666666665
398,4.0
1121,3.3333333333333335
2444,5.0
823,3.5
3085,4.0
2299,4.0
1685,3.25
2358,4.0
3644,3.5714285714285716
769,3.25
3131,3.5
3486,3.4285714285714284
967,3.4444444444444446
219,3.5
3303,4.0
712,4.0
2562,3.5
2221,3.1666666666666665
2101,3.5
1652,3.25
3295,4.0
557,5.0
1534,4.0
864,3.5
3542,4.0
1138,3.8333333333333335
2833,3.25
3242,3.6666666666666665
3207,3.5
139,4.0
732,3.3333333333333335
2930,4.0
1470,4.0
3443,3.6666666666666665
757,4.0
981,5.0
679,4.0
130,4.0
1915,4.0
1830,5.0
3881,5.0
1851,4.0
3057,4.0
1139,4.0
3172,5.0
3413,4.0
2223,3.5
2623,3.5
3609,4.0
3065,4.0
1555,4.0
396,4.0
3233,5.0
1316,4.0
3236,5.0
3381,4.0
